timestamp_ms,docker_vg-docker--root--lv-read,docker_vg-docker--root--lv-write,xvda-read,xvda-write,xvdb-read,xvdb-write
1505941845000,0.02,0.11,8.26,19.24,0.03,0.11
1505942445000,0.00,0.00,0.01,1.23,0.00,0.00
1505943045000,0.11,2.32,0.44,0.97,0.11,2.18
1505943645000,0.00,6.14,0.00,2.93,0.00,5.74
1505944245000,0.00,7.43,6.87,4.83,0.00,6.90
1505944845000,0.00,7.54,0.00,4.48,0.00,6.75
1505945445000,0.00,4.69,0.00,4.81,0.00,4.28
1505946045000,0.00,5.88,0.00,6.22,0.00,5.34
1505946645000,0.00,4.75,0.00,5.73,0.00,4.23
1505947245000,0.00,3.45,0.00,6.82,0.00,3.16
1505947845000,0.00,5.63,0.00,7.86,0.00,5.08
